{
  "binding": {
    "status": "BOUND",
    "hinge_g": 0.029145045205950737,
    "loss_means": {
      "loss_pair": 0.29007527032834396,
      "loss_teach": 0.15142903561916268,
      "loss_inv": 0.0037555359197747815,
      "loss_hinge": 0.0010002053285573134
    },
    "weighted_differential_ratio": 0.2637785536607587,
    "hinge_activation_mean": 0.12894736842105264,
    "hinge_activation_max": 0.6666666666666666,
    "face_diff_start": 0.03181150544745227,
    "face_diff_end": 0.036464992857848606
  },
  "deltaid": {
    "count": 400,
    "mean_left": 0.4201422972601722,
    "mean_right": 0.40881523188611024,
    "mean_gain": 0.011327065374061931,
    "median_gain": 0.012331206351518631,
    "p_value": 2.6465760806595446e-06,
    "rank_biserial": 0.2626932668329177,
    "gain_p10": -0.055399608239531516,
    "gain_p25": -0.017201634123921394,
    "gain_p75": 0.03781719319522381,
    "gain_p90": 0.07699716817587614,
    "status": "SIGNIFICANT"
  },
  "garment": {
    "paired_mids": 50,
    "tail_count": 13,
    "a2_tail": [
      "01264",
      "01968",
      "02725",
      "05214",
      "16049",
      "17881",
      "20743",
      "29153",
      "32740",
      "38609",
      "41344",
      "41915",
      "47243"
    ],
    "control_tail": [
      "00515",
      "01203",
      "01264",
      "01968",
      "02725",
      "16049",
      "17881",
      "32740",
      "34195",
      "35002",
      "38609",
      "41016",
      "43313"
    ],
    "tail_intersection": [
      "01264",
      "01968",
      "02725",
      "16049",
      "17881",
      "32740",
      "38609"
    ],
    "tail_jaccard": 0.3684210526315789,
    "per_type": {
      "dress": {
        "count": 13,
        "mean_left": 0.8804287262015289,
        "mean_right": 0.8787147920210282,
        "mean_gain": 0.0017139341805007323,
        "median_gain": 0.0036397022860390482,
        "p_value": 0.419677734375,
        "rank_biserial": 0.07692307692307693,
        "gain_p10": -0.04998141442026414,
        "gain_p25": -0.03495928219386513,
        "gain_p75": 0.02677741433892933,
        "gain_p90": 0.04825792780944278
      },
      "pants": {
        "count": 13,
        "mean_left": 0.9104797183484821,
        "mean_right": 0.9010697428014252,
        "mean_gain": 0.009409975547056932,
        "median_gain": 0.0044274287564414205,
        "p_value": 0.1697998046875,
        "rank_biserial": 0.31868131868131866,
        "gain_p10": -0.019987476723534712,
        "gain_p25": -0.0055967824799674215,
        "gain_p75": 0.016184321471622964,
        "gain_p90": 0.03383692630699704
      },
      "skirt": {
        "count": 12,
        "mean_left": 0.9041091851180507,
        "mean_right": 0.8913315263177668,
        "mean_gain": 0.012777658800284078,
        "median_gain": 0.012916461697646542,
        "p_value": 0.046142578125,
        "rank_biserial": 0.5641025641025641,
        "gain_p10": -0.01587637130703252,
        "gain_p25": -0.005281133843319713,
        "gain_p75": 0.02540956331150876,
        "gain_p90": 0.03660581835678641
      },
      "top": {
        "count": 12,
        "mean_left": 0.9122803479078271,
        "mean_right": 0.9101166831595556,
        "mean_gain": 0.002163664748271297,
        "median_gain": 0.004593447915145321,
        "p_value": 0.338623046875,
        "rank_biserial": 0.15384615384615385,
        "gain_p10": -0.027862565645149728,
        "gain_p25": -0.009307543081896658,
        "gain_p75": 0.012121841311454773,
        "gain_p90": 0.02320806000913886
      }
    }
  },
  "decision": "PROCEED",
  "decision_text": "转锚地基成立，按计划进入 A4。"
}
